Symbol,Conf.,Open,High,Low,Close,LTP,Close - LTP,Close - LTP %,VWAP,Vol,Prev. Close,Turnover,Trans.,Diff,Range,Diff %,Range %,VWAP %,120 Days,180 Days,52 Weeks High,52 Weeks Low
1,ACLBSL,34.08,908,937,908,931,931,0,0,922.12,639,920.00,"589,233.10",27,11,29,1.2,3.19,0.95,"1,284.90",900.00,
2,ADBL,33.68,294.8,295,292.1,293,293,0,0,294.01,"17,448.00",292.00,"5,129,810.80",136,1,2.9,0.34,0.99,-0.34,344.9,272.3,
3,ADBLD83,24.29,"1,092.10","1,092.10","1,092.10","1,092.00","1,092.00",0,0.00,"1,092.06",25.00,"1,107.00","27,301.60",2,-15,0,-1.36,0,-0.01,"1,160.00","1,046.00",
4,AHL,44.55,540,561,532,560,560,0,0,549.96,"14,572.00",533.30,"8,013,960.10",187,26.7,29,5.01,5.45,1.79,891,532,
5,AHPC,27.16,260.9,261.6,258,260.5,260.5,0,0,260.33,"63,265.00",259.00,"16,469,471.60",311,1.5,3.6,0.58,1.4,0.07,334,242,
6,AKJCL,44.79,190.1,193.5,190,192.6,192.6,0,0,192.31,"89,437.00",190.80,"17,199,884.30",228,1.8,3.5,0.94,1.84,0.15,233.5,172.9,
7,AKPL,27.28,243,247,242,244.9,244.9,0,0,244.93,"87,311.00",242.50,"21,385,496.90",228,2.4,5,0.99,2.07,-0.01,306.5,216.1,
8,ALBSL,41.00,"1,197.60","1,231.90","1,197.60","1,224.00","1,224.00",0,0.00,"1,219.43","21,836.00","1,222.00","26,627,505.90",229,2,34.3,0.16,2.86,0.37,"1,237.90",771.00,
9,ALICL,41.7,461.9,467,460.4,466,466,0,0,463.70,"26,018.00",461.90,"12,064,440.60",178,4.1,6.6,0.89,1.43,0.49,831,430,
10,ANLB,37.78,"6,025.00","6,085.00","6,000.00","6,083.90","6,083.90",0,0.00,"6,013.17",238.00,"6,082.00","1,431,135.30",21,1.9,85,0.03,1.42,1.16,"6,800.00","4,673.00",
11,API,26.02,283,285,281.2,284,284,0,0,283.89,"79,148.00",281.20,"22,469,560.00",293,2.8,3.8,1,1.35,0.04,335,256.3,
12,AVYAN,47.33,917.1,941,917.1,941,941,0,0,928.23,"3,154.00",928.80,"2,927,646.30",66,12.2,23.9,1.31,2.61,1.36,"1,306.80",906.00,
13,BANDIPUR,51.55,820,898.7,820,898.7,898.7,0,0,860.64,"242,983.00",817.00,"209,121,357","4,441",81.7,78.7,10,9.6,4.23,898.7,285,
14,BARUN,36.67,313,318,313,318,318,0,0,316.41,"69,500.00",313.70,"21,990,557.30",312,4.3,5,1.37,1.6,0.5,589,292.1,
15,BBC,37.76,"4,766.00","4,860.00","4,766.00","4,848.00","4,848.00",0,0.00,"4,812.54",332.00,"4,839.00","1,597,763.10",26,9,94,0.19,1.97,0.73,"6,661.60","4,480.00",
16,BEDC,38.28,539,547,530,532,532,0,0,537.90,"24,030.00",532.00,"12,925,654.80",206,0,17,0,3.21,-1.11,"1,080.00",501.00,
17,BFC,39.81,459.8,459.8,451.6,457,457,0,0,455.04,"24,278.00",452.00,"11,047,396.20",123,5,8.2,1.11,1.82,0.43,745.8,411.5,
18,BGWT,34.17,763,775,760,775,775,0,0,765.14,"4,934.00",760.00,"3,775,216.70",51,15,15,1.97,1.97,1.27,"1,241.00",750.00,
19,BHCL,47.41,520,547.7,516.1,546,546,0,0,535.22,"196,474.00",515.00,"105,157,283","2,222",31,31.6,6.02,6.12,1.97,625.7,292.1,
20,BHDC,43.22,470,479.2,470,477.9,477.9,0,0,474.37,"67,331.00",472.00,"31,940,021.60",314,5.9,9.2,1.25,1.96,0.74,760.2,426,
21,BHL,36.27,177.9,178.2,175.5,177.5,177.5,0,0,176.74,"58,747.00",177.00,"10,382,858.00",320,0.5,2.7,0.28,1.54,0.43,405,164,
22,BHPL,42.94,518.1,570.7,518.1,570.7,570.7,0,0,552.46,"171,894.00",518.90,"94,964,125.00","1,036",51.8,52.6,9.98,10.15,3.2,"1,308.40",503.10,
23,BNHC,48.7,442.1,470,442.1,465,465,0,0,456.91,"26,135.00",443.00,"11,941,244.50",211,22,27.9,4.97,6.31,1.74,608,393,
24,BNL,37.07,"16,000.00","16,000.00","16,000.00","16,000.00","16,000.00",0,0.00,"16,000.00",10.00,"16,250.00","160,000.00",1,-250,0,-1.54,0,0.00,"22,500.00","14,900.00",
25,BNT,20.52,"12,037.00","12,037.00","12,037.00","12,037.00","12,037.00",0,0,"12,037.00",20,"11,801.00","240,740",2,236,0,2,0,0,"14,680.00","10,660.00",
26,BOKD86,24.01,"1,117.00","1,117.00","1,117.00","1,117.00","1,117.00",0,0,"1,117.00",50,"1,139.30","55,850",2,-22.3,0,-1.96,0,0,"1,139.30","1,005.50",
27,BPCL,41.63,730,745,726.8,745,745,0,0,738.22,"88,085.00",729.70,"65,026,150.70",320,15.3,18.2,2.1,2.5,0.91,"1,065.00",379.2,
28,BUNGAL,49.89,645,695,640.2,694,694,0,0,668.72,"103,420.00",640.00,"69,159,198.20","1,442",54,54.8,8.44,8.56,3.64,695,302.40,
29,C30MF,31.18,9.35,9.73,9.35,9.73,9.73,0,0.00,9.63,"18,400.00",9.54,"177,213.00",9,0.19,0.38,1.99,4.06,1.02,10.71,8.65,
30,CBBL,26.55,916.00,919.00,900.00,910.90,910.9,0,0.00,909.43,"24,298.00",916.00,"22,097,340.10",289,-5.1,19,-0.56,2.11,0.16,"1,144.80",821.50,
31,CBLD88,25.83,"1,220.00","1,223.00","1,220.00","1,223.00","1,223.00",0,0,"1,221.50",50,"1,240.00","61,075.00",2,-17,3,-1.37,0.25,0.12,"1,265.00","1,104.50",
32,CFCL,33.92,475,475,470,475,475,0,0,473.08,"5,931.00",471.30,"2,805,824.80",56,3.7,5,0.79,1.06,0.4,701,445.10,
33,CGH,40.6,850,869.2,850,860,860,0,0,862.76,"13,193.00",855.00,"11,382,355.30",127,5,19.2,0.58,2.26,-0.32,"1,150.00",800.2,
34,CHCL,25.64,473.90,473.90,468.00,470.20,470.2,0,0.00,469.98,"23,284.00",470.50,"10,942,964.80",168,-0.3,5.9,-0.06,1.26,0.05,599.60,456.00,
35,CHDC,39.76,"2,250.00","2,265.00","2,223.30","2,246.50","2,246.50",0,0,"2,246.61","21,715.00","2,230.00","48,785,107.50",205,16.5,41.7,0.74,1.88,0,"2,997.90","1,560.00",
36,CHL,42.15,253.00,259.20,252.20,257.00,257,0,0.00,256.09,"27,681.00",254.20,"7,088,929.70",164,2.8,7,1.1,2.78,0.35,599.70,223.40,
37,CIT,30.3,"1,781.00","1,809.00","1,770.50","1,770.50","1,770.50",0,0,"1,780.70","14,342.00","1,753.14","25,538,864.40",459,17.36,38.5,0.99,2.17,-0.58,"2,200.00","1,730.80",
38,CITY,37.98,468.00,475.80,465.50,472.30,472.3,0,0.00,472.49,"13,451.00",468.80,"6,355,496.00",142,3.5,10.3,0.75,2.21,-0.04,998.40,464.00,
39,CKHL,39.83,645.9,671,645.9,663.9,663.9,0,0,659.09,"4,900.00",659.00,"3,229,560.30",90,4.9,25.1,0.74,3.89,0.72,910,550,
40,CLI,35.28,464.8,468,461.4,467,467,0,0,464.93,"32,647.00",464.80,"15,178,535.70",441,2.2,6.6,0.47,1.43,0.44,774.9,411,
41,CMF2,30.89,9.38,9.43,9.31,9.32,9.32,0,0,9.35,"1,425.00",9.25,"13,323.00",6,0.07,0.12,0.76,1.29,-0.32,10.86,8.64,
42,CORBL,37.97,"1,565.10","1,599.90","1,565.10","1,590.00","1,590.00",0,0.00,"1,583.58","3,421.00","1,587.00","5,417,417.70",76,3,34.8,0.19,2.22,0.40,"2,842.30","1,431.00",
43,CREST,46.73,"1,220.00","1,275.00","1,215.00","1,274.00","1,274.00",0,0.00,"1,257.98","36,693.00","1,225.00","46,159,073.90",689,49,60,4,4.94,1.26,"2,458.20",302.50,
44,CYCL,29.42,"1,550.00","1,569.00","1,519.00","1,540.00","1,540.00",0,0.00,"1,530.52","6,210.00","1,570.00","9,504,547.40",116,-30,50,-1.91,3.29,0.62,"2,040.00","1,462.00",
45,CZBIL,47.09,192.6,200,192.6,200,200,0,0,197.46,"68,934.00",196.50,"13,611,433.60",188,3.5,7.4,1.78,3.84,1.27,240.1,183,
46,DDBL,24.6,797.4,802.9,797.2,802.9,802.9,0,0,798.38,"6,216.00",797.40,"4,962,714.60",71,5.5,5.7,0.69,0.72,0.56,"1,010.00",759.00,
47,DHEL,52.87,620,666,605,666,666,0,0,635.35,"194,735.00",608.00,"123,725,329","2,493",58,61,9.54,10.08,4.6,666,402.2,
48,DHPL,31.85,283.7,299.5,283.7,290.1,290.1,0,0,291.04,"11,788.00",289.00,"3,430,815.00",64,1.1,15.8,0.38,5.57,-0.33,427.2,265,
49,DLBS,36.25,"1,290.00","1,339.80","1,290.00","1,339.80","1,339.80",0,0.00,"1,310.73",487.00,"1,315.00","638,325.20",32,24.8,49.8,1.89,3.86,2.17,"2,250.00","1,240.00",
50,DOLTI,36.96,500,517.8,500,513.3,513.3,0,0,509.39,"7,932.00",508.00,"4,040,484.20",116,5.3,17.8,1.04,3.56,0.76,"1,017.00",470.60,
51,DORDI,41.9,253.8,255.3,250,255,255,0,0,253.98,"49,131.00",251.50,"12,478,473.80",253,3.5,5.3,1.39,2.12,0.4,696,213.1,
52,EBL,28.3,649,660,645,654,654,0,0,650.55,"28,075.00",650.00,"18,264,142.40",204,4,15,0.62,2.33,0.53,780.6,570,
53,EBLD91,22.93,"1,110.00","1,120.00","1,110.00","1,111.00","1,111.00",0,0.00,"1,113.67",75.00,"1,104.00","83,525.00",3,7,10,0.63,0.9,-0.24,"1,142.40",994.40,
54,EBLEB89,24.58,"1,083.00","1,083.00","1,083.00","1,083.00","1,083.00",0,0.00,"1,083.00",25.00,"1,097.10","27,075.00",1,-14.1,0,-1.29,0,0.00,"1,117.90",996.10,
55,EDBL,31.98,571.2,595,571,590,590,0,0,584.75,"10,357.00",573.00,"6,056,249.00",53,17,24,2.97,4.2,0.89,838.2,545,
56,EHPL,40.59,398.8,417,391,414,414,0,0,405.82,"63,398.00",391.00,"25,728,289.60",404,23,26,5.88,6.65,1.98,937,385,
57,ENL,43.8,887,918,887,905,905,0,0,905.84,"2,473.00",905.00,"2,240,139.50",37,0,31,0,3.49,-0.09,"1,452.00",866.00,
58,FMDBL,39.78,765.2,785,765.2,780,780,0,0,777.89,"28,469.00",763.40,"22,145,728.30",155,16.6,19.8,2.17,2.59,0.27,"1,038.80",712.00,
59,FOWAD,41.18,"1,077.00","1,085.00","1,071.20","1,084.00","1,084.00",0,0.00,"1,076.40","1,981.00","1,080.00","2,132,350.70",46,4,13.8,0.37,1.29,0.70,"1,350.00","1,043.80",
60,FOWADP,32.35,660.00,660.00,660.00,660.00,660,0,0.00,389.17,"6,000.00",660.00,"2,335,000.00",2,0,0,0,0,41.04,660.00,660.00,
61,GBBD85,23.46,"1,110.00","1,110.00","1,110.00","1,110.00","1,110.00",0,0,"1,110.00",25,"1,102.00","27,750.00",1,8,0,0.73,0,0,"1,135.00","1,010.00",
62,GBBL,42.54,376.70,386.00,376.70,386.00,386,0,0.00,383.07,"21,370.00",379.00,"8,186,231.50",85,7,9.3,1.85,2.47,0.76,498.00,367.40,
63,GBILD84/85,38.11,"1,195.00","1,200.00","1,195.00","1,200.00","1,200.00",0,0.00,"1,196.67","1,500.00","1,195.00","1,795,000.00",4,5,5,0.42,0.42,0.28,"1,220.00","1,104.00",
64,GBIME,33.91,226.1,230,224.9,230,230,0,0,225.96,"141,991.00",226.10,"32,084,463.80",446,3.9,5.1,1.72,2.27,1.76,278.9,210.7,
65,GBIMESY2,25.31,8.8,9,8.8,8.9,8.9,0,0,8.92,"2,200.00",8.97,"19,618.00",12,-0.07,0.2,-0.78,2.27,-0.19,10.18,8.5,
66,GBLBS,23.02,765.5,788,765.5,785,785,0,0,779.19,"5,380.00",775.00,"4,192,026.80",116,10,22.5,1.29,2.94,0.74,987,698,
67,GCIL,43.6,406,439,406,435.9,435.9,0,0,429.83,"86,876.00",410.00,"37,342,115.00",694,25.9,33,6.32,8.13,1.39,613,400,
68,GFCL,48.7,593,605,591.5,604.9,604.9,0,0,600.63,"46,675.00",588.00,"28,034,503.00",272,16.9,13.5,2.87,2.28,0.71,867,528.3,
69,GHL,35.97,210,211.7,207.4,211.4,211.4,0,0,209.60,"23,391.00",209.90,"4,902,821.00",152,1.5,4.3,0.71,2.07,0.85,318,197.1,
70,GIBF1,44.45,10.35,10.5,10.32,10.5,10.5,0,0,10.38,"103,400.00",10.40,"1,072,801.00",30,0.1,0.18,0.96,1.74,1.19,11.68,9.3,
71,GILB,29.28,"1,145.00","1,159.00","1,128.00","1,150.00","1,150.00",0,0.00,"1,145.52","1,378.00","1,144.90","1,578,533.00",29,5.1,31,0.45,2.75,0.39,"1,441.60","1,117.00",
72,GLBSL,31.25,"1,900.10","1,975.00","1,862.10","1,937.20","1,937.20",0,0.00,"1,905.02","2,232.00","1,923.00","4,251,999.50",56,14.2,112.9,0.74,6.06,1.66,"3,486.00","1,862.10",
73,GLH,38.63,251.5,251.5,245,248,248,0,0,246.83,"18,032.00",246.70,"4,450,890.80",131,1.3,6.5,0.53,2.65,0.47,306.3,227.4,
74,GMFBS,44.29,"1,483.10","1,520.00","1,480.00","1,520.00","1,520.00",0,0.00,"1,488.37",746.00,"1,510.00","1,110,325.90",28,10,40,0.66,2.7,2.08,"1,980.00","1,395.00",
75,GMFIL,35.6,445,460,445,460,460,0,0,455.39,"25,336.00",447.00,"11,537,694.60",141,13,15,2.91,3.37,1,599.5,393.1,
76,GMLI,44.50,"1,701.00","1,751.30","1,700.00","1,750.00","1,750.00",0,0.00,"1,735.21","2,541.00","1,708.00","4,409,167.00",109,42,51.3,2.46,3.02,0.85,"2,778.00",301.00,
77,GRDBL,43.82,"1,129.90","1,220.00","1,114.00","1,215.00","1,215.00",0,0.00,"1,144.81","41,185.00","1,134.00","47,148,812.60",293,81,106,7.14,9.52,5.78,"2,001.40",944.00,
78,GSY,21.67,9,9.2,8.9,9.05,9.05,0,0,9.07,"9,400.00",9.01,"85,232.00",49,0.04,0.3,0.44,3.37,-0.19,10.3,8.7,
79,GUFL,47.82,505,510,500,507,507,0,0,504.67,"18,594.00",505.00,"9,383,868.60",118,2,10,0.4,2,0.46,723,460.6,
80,GVL,40.52,499,512,495,510,510,0,0,500.77,"38,671.00",499.00,"19,365,141.40",317,11,17,2.2,3.43,1.81,662,424,
81,GWFD83,29.39,"1,210.00","1,210.00","1,194.00","1,195.00","1,195.00",0,0,"1,196.22",450,"1,201.00","538,300.00",4,-6,16,-0.5,1.34,-0.1,"1,464.80","1,090.00",
82,H8020,24.64,10.71,11.2,10.71,10.77,10.77,0,0,10.90,"5,160.00",10.78,"56,231.00",17,-0.01,0.49,-0.09,4.58,-1.18,12.21,9.67,
83,HATHY,47.59,876,909,876,909,909,0,0,895.10,"18,990.00",879.00,"16,997,990",261,30,33,3.41,3.77,1.53,"1,600.00",876,
84,HBL,42.29,186.30,192.00,186.30,190.80,190.8,0,0.00,190.03,"54,088.00",190.10,"10,278,339.60","1,915",0.7,5.7,0.37,3.06,0.40,261,184.00,
85,HDHPC,41.2,175.9,177.1,174,177.1,177.1,0,0,175.52,"69,925.00",174.60,"12,273,207.70",256,2.5,3.1,1.43,1.78,0.89,225.9,162,
86,HDL,48.01,"1,140.00","1,169.00","1,140.00","1,160.00","1,160.00",0,0.00,"1,158.20","71,070.00","1,144.00","82,313,324.40",782,16,29,1.4,2.54,0.16,"1,556.10","1,103.00",
87,HEI,23,500,507,500,506,506,0,0,502.55,"1,475.00",506.00,"741,257.90",18,0,7,0,1.4,0.68,710,458,
88,HEIP,29.59,322,322,315,315,315,0,0,321.02,"1,421.00",327.50,"456,163.00",7,-12.5,7,-3.82,2.22,-1.91,485.8,308.7,
89,HHL,42.15,321,327,319.1,327,327,0,0,323.97,"20,939.00",321.00,"6,783,591.40",155,6,7.9,1.87,2.48,0.93,635,310.7,
90,HIDCL,35.05,255.1,258.9,255.1,258,258,0,0,257.64,"73,772.00",255.40,"19,006,973.30",245,2.6,3.8,1.02,1.49,0.14,340,227,
91,HIDCLP,31.02,181,182.2,178.3,181,181,0,0,180.59,"89,620.00",179.80,"16,184,169.20",164,1.2,3.9,0.67,2.19,0.23,239,153.9,
92,HIMSTAR,47.37,884.00,992,884,979,979,0,0,953.17,"81,879.00",902.00,"78,044,316.60",956,77,108,8.54,12.22,2.64,"1,097.90",252.20,
93,HLBSL,28.32,889.9,889.9,868,887.5,887.5,0,0,876.33,"3,489.00",875.00,"3,057,499.90",33,12.5,21.9,1.43,2.52,1.26,"1,140.00",837.00,
94,HLI,36.05,367,371,367,371,371,0,0,369.01,"44,697.00",369.90,"16,493,573.80",403,1.1,4,0.3,1.09,0.54,506.8,354.8,
95,HLICF,23.84,9,9.18,9,9.1,9.1,0,0,9.06,"2,550.00",9.05,"23,093.00",18,0.05,0.18,0.55,2,0.48,10,8.74,
96,HPPL,37.49,465,469,460,468,468,0,0,465.24,"35,668.00",461.00,"16,594,263.60",180,7,9,1.52,1.96,0.59,711,395,
97,HRL,43.65,840,845,825,839.5,839.5,0,0,836.69,"116,151.00",831.10,"97,182,134","1,145",8.4,20,1.01,2.42,0.33,"1,156.00",762.10,
98,HURJA,34.57,221,223,218.3,223,223,0,0,220.82,"37,302.00",219.90,"8,236,960.00",116,3.1,4.7,1.41,2.15,0.98,283.4,204.6,
99,ICFC,33.82,639,640,628.2,629.2,629.2,0,0,631.58,"23,087.00",630.00,"14,581,255.80",91,-0.8,11.8,-0.13,1.88,-0.38,730.9,555,
100,IGI,38.90,413.50,419.00,413.00,417.30,417.3,0,0.00,414.94,"11,783.00",414.00,"4,889,229.70",84,3.3,6,0.8,1.45,0.57,664.20,392.00,
101,IHL,34.61,560.00,595.00,553.70,589.50,589.5,0,0.00,563.32,"27,507.00",565.00,"15,495,339.90",240,24.5,41.3,4.34,7.46,4.44,838,490.00,
102,ILBS,40.09,990.8,"1,029.00",990.8,"1,025.10","1,025.10",0,0,"1,014.13","11,720.00","1,011.00","11,885,653.20",117,14.1,38.2,1.39,3.86,1.07,"1,311.00",795.2,
103,ILI,33.7,436,440,435.6,438.3,438.3,0,0,438.11,"11,990.00",436.60,"5,252,949.70",365,1.7,4.4,0.39,1.01,0.04,530,405,
104,JBBL,48.43,324.00,336.10,321.00,335.00,335,0,0.00,331.07,"157,183.00",323.00,"52,038,490.90",558,12,15.1,3.72,4.7,1.17,413.00,295.00,
105,JBLB,28.35,"1,324.20","1,324.20","1,299.00","1,324.00","1,324.00",0,0,"1,319.32","14,938.00","1,298.33","19,707,963.60",329,25.67,25.2,1.98,1.94,0.35,"1,644.00","1,270.70",
106,JFL,35.76,411,411,403,408,408,0,0,406.20,"8,997.00",403.00,"3,654,626.30",77,5,8,1.24,1.99,0.44,775,395,
107,JHAPA,39.01,"1,331.90","1,396.00","1,331.90","1,384.00","1,384.00",0,0.00,"1,373.25","34,752.00","1,359.00","47,723,067.40",552,25,64.1,1.84,4.81,0.78,"1,417.00",293.40,
108,JOSHI,33.28,280,286.5,279,286.5,286.5,0,0,283.69,"48,092.00",280.80,"13,643,093.00",262,5.7,7.5,2.03,2.69,0.98,488.5,254,
109,JSLBB,38.40,"1,156.00","1,185.00","1,150.00","1,173.00","1,173.00",0,0.00,"1,176.22",923.00,"1,177.00","1,085,652.50",21,-4,35,-0.34,3.04,-0.27,"1,860.40","1,059.00",
110,KBL,24.39,182.4,182.4,178,179,179,0,0,178.84,"70,693.00",178.90,"12,642,635.30",301,0.1,4.4,0.06,2.47,0.09,233.5,175.5,
111,KBSH,46.23,"1,685.00","1,726.00","1,680.00","1,726.00","1,726.00",0,0.00,"1,719.74",689.00,"1,662.00","1,184,898.40",14,64,46,3.85,2.74,0.36,"3,000.80","1,622.00",
112,KDBY,31.87,9.51,9.75,9.51,9.7,9.7,0,0,9.73,"18,492.00",9.70,"180,009.20",43,0,0.24,0,2.52,-0.36,10.57,8.67,
113,KDL,40.14,775.00,826.60,775.00,812.00,812,0,0.00,794.88,"9,276.00",776.00,"7,373,308.60",150,36,51.6,4.64,6.66,2.11,"1,306.30",770.00,
114,KEF,27.47,9.3,9.3,9.11,9.11,9.11,0,0,9.20,"10,900.00",9.20,"100,257.00",15,-0.09,0.19,-0.98,2.09,-0.96,10.42,8.48,
115,KKHC,42.02,216.3,217,213,215.5,215.5,0,0,214.60,"81,069.00",213.80,"17,397,703.30",278,1.7,4,0.8,1.88,0.42,475.90,208.00,
116,KMCDB,28.53,963.1,"1,015.00",963.1,"1,000.00","1,000.00",0,0,995.77,"11,222.00",982.73,"11,174,497.40",144,17.27,51.9,1.76,5.39,0.42,"1,270.00",936.6,
117,KPCL,44.53,522,570,519,560,560,0,0,522.44,"73,496.00",518.20,"38,397,010.70",217,41.8,51,8.07,9.83,6.71,711,490,
118,KSBBL,46.78,431.00,445,430.20,444.00,444,0,0,441.17,"76,908.00",431.80,"33,929,325.50",203,12.2,14.8,2.83,3.44,0.64,588.00,404.10,
119,KSY,36.62,8.9,9.15,8.9,9.14,9.14,0,0,9.02,"8,803.00",8.98,"79,377.91",17,0.16,0.25,1.78,2.81,1.34,10.64,8.21,
120,LBBL,46.47,446,486,446,486,486,0,0,473.88,"266,832.00",455.00,"126,445,832.40",610,31,40,6.81,8.97,2.49,646.3,376.5,
121,LBBLD89,21.87,"1,315.00","1,315.00","1,315.00","1,315.00","1,315.00",0,0,"1,315.00",25,"1,341.30","32,875.00",1,-26.3,0,-1.96,0,0,"1,346.00","1,082.00",
122,LEC,29.91,197.8,197.8,192.2,196.1,196.1,0,0,194.21,"72,499.00",194.00,"14,080,318.60",228,2.1,5.6,1.08,2.91,0.96,263,180,
123,LICN,28.34,871,875,860.2,861,861,0,0,864.42,"24,333.00",870.30,"21,034,012.40",205,-9.3,14.8,-1.07,1.72,-0.4,"1,415.00",773,
124,LLBS,24.62,930.00,966.90,930.00,945.20,945.2,0,0.00,953.77,438.00,940.00,"417,750.40",11,5.2,36.9,0.55,3.97,-0.91,"1,367.30",865.00,
125,LSL,34.75,213.9,214,210.1,213.5,213.5,0,0,212.42,"27,729.00",213.80,"5,890,265.70",124,-0.3,3.9,-0.14,1.86,0.5,252,201,
126,LUK,37.92,9.31,9.58,9.31,9.58,9.58,0,0,9.40,800,9.50,"7,520.00",4,0.08,0.27,0.84,2.9,1.88,11.97,8.97,
127,LVF2,26.36,9.2,9.5,9.2,9.4,9.4,0,0,9.34,"2,200.00",9.38,"20,548.00",13,0.02,0.3,0.21,3.26,0.64,11.45,8.76,
128,MABEL,47.47,755,780,745,764.5,764.5,0,0,762.59,"81,778.00",750.00,"62,363,308.80","1,001",14.5,35,1.93,4.7,0.25,805,317.7,
129,MAKAR,28.97,545.7,545.7,530,545,545,0,0,537.59,"11,408.00",535.00,"6,132,868.00",88,10,15.7,1.87,2.96,1.36,860,520,
130,MANDU,33.99,793,805.9,793,796,796,0,0,797.47,"3,650.00",793.50,"2,910,777.80",66,2.5,12.9,0.32,1.63,-0.19,"1,027.00",766.5,
131,MATRI,33.88,981.1,"1,010.00",976.1,"1,010.00","1,010.00",0,0,993.50,"2,527.00",995.00,"2,510,579.80",57,15,33.9,1.51,3.47,1.63,"1,464.80",930.1,
132,MBJC,39.1,276.2,283,271.7,282,282,0,0,277.66,"55,962.00",281.00,"15,538,454.80",418,1,11.3,0.36,4.16,1.54,405,270,
133,MBL,41.05,220.1,229.5,218,225.5,225.5,0,0,222.96,"52,889.00",222.00,"11,792,101.40",156,3.5,11.5,1.58,5.28,1.13,272.1,205.00,
134,MBLD2085,28.88,"1,164.70","1,164.70","1,164.70","1,164.70","1,164.70",0,0.00,"1,164.70",10.00,"1,164.90","11,647.00",1,-0.2,0,-0.02,0,0.00,"1,294.00","1,116.20",
135,MBLD87,23.49,"1,123.10","1,123.10","1,123.10","1,123.10","1,123.10",0,0,"1,123.10",40,"1,146.00","44,924.00",1,-22.9,0,-2,0,0,"1,169.00","1,020.00",
136,MBLEF,32.54,9.59,9.59,9.5,9.57,9.57,0,0,9.58,"23,500.00",9.60,"225,116.00",27,-0.03,0.09,-0.31,0.95,-0.1,10.19,8.59,
137,MCHL,32.72,425,433,416.1,419,419,0,0,421.27,"8,148.00",425.00,"3,432,505.40",91,-6,16.9,-1.41,4.06,-0.54,714,416.1,
138,MDB,38.35,578.90,594.00,578.90,594.00,594,0,0.00,587.75,"29,147.00",579.50,"17,131,119.20",155,14.5,15.1,2.5,2.61,1.05,764,530.50,
139,MEHL,42.84,430.9,443.8,422.6,441.9,441.9,0,0,433.54,"30,027.00",423.00,"13,017,915.30",223,18.9,21.2,4.47,5.02,1.89,696,372.4,
140,MEL,34.56,265,269.5,263.2,266.3,266.3,0,0,266.84,"15,811.00",265.00,"4,219,022.10",240,1.3,6.3,0.49,2.39,-0.2,393,255,
141,MEN,24.84,557.1,564,557.1,561.9,561.9,0,0,560.69,"36,591.00",557.60,"20,516,363.80",205,4.3,6.9,0.77,1.24,0.21,683.4,535,
142,MERO,29.11,718.8,718.8,707,714.8,714.8,0,0,714.24,"3,224.00",711.00,"2,302,697.40",31,3.8,11.8,0.53,1.67,0.08,"1,000.00",648,
143,MFIL,31.96,709,724.3,709,720,720,0,0,718.57,"139,188.00",722.70,"100,016,876.40",246,-2.7,15.3,-0.37,2.16,0.2,750.5,545,
144,MFLD85,22.34,"1,130.50","1,130.50","1,130.50","1,130.50","1,130.50",0,0,"1,130.50",25,"1,153.50","28,262.50",1,-23,0,-1.99,0,0,"1,189.00","1,040.50",
145,MHCL,35.12,385,393,378.5,385.2,385.2,0,0,382.09,"11,546.00",386.00,"4,411,621.50",124,-0.8,14.5,-0.21,3.83,0.81,655,363.00,
146,MHL,46.41,480,497.8,480,497.8,497.8,0,0,491.33,"22,630.00",481.30,"11,118,877.50",178,16.5,17.8,3.43,3.71,1.3,"1,088.00",445,
147,MHNL,30.03,247.60,247.60,239.30,244.30,244.3,0,0.00,241.54,"22,893.00",243.00,"5,529,562.50",84,1.3,8.3,0.53,3.47,1.13,316.00,226.00,
148,MKCL,45.46,"1,355.00","1,400.00","1,355.00","1,400.00","1,400.00",0,0,"1,382.62","6,550.00","1,355.00","9,056,158.80",159,45,45,3.32,3.32,1.24,"1,900.00","1,333.00",
149,MKHC,39.47,356.5,356.5,344,355,355,0,0,349.19,"18,311.00",350.00,"6,393,981.60",163,5,12.5,1.43,3.63,1.64,627,334.20,
150,MKHL,37.48,778.5,799.8,778.5,789,789,0,0,787.34,"4,620.00",793.00,"3,637,520.50",55,-4,21.3,-0.5,2.74,0.21,"1,027.00",625,
151,MKJC,42.63,505.20,524.90,505.00,521.00,521,0,0.00,517.57,"18,954.00",515.00,"9,809,970.80",109,6,19.9,1.17,3.94,0.66,635.00,475.50,
152,MLBBL,27.8,"1,314.00","1,329.50","1,300.00","1,325.00","1,325.00",0,0,"1,311.65","3,278.00","1,314.00","4,299,579.50",47,11,29.5,0.84,2.27,1.01,"2,019.00","1,300.00",
153,MLBL,40.84,355.3,367,355,366,366,0,0,363.04,"42,765.00",358.00,"15,525,566.30",173,8,12,2.23,3.38,0.81,488,348.90,
154,MLBS,41.44,"1,477.00","1,477.00","1,424.00","1,468.80","1,468.80",0,0,"1,441.92",718,"1,450.00","1,035,295.00",25,18.8,53,1.3,3.72,1.83,"2,400.00","1,395.00",
155,MLBSL,43.91,"1,931.00","1,949.00","1,910.50","1,949.00","1,949.00",0,0.00,"1,927.37",998.00,"1,931.00","1,923,515.50",43,18,38.5,0.93,2.02,1.11,"2,584.00","1,892.00",
156,MMF1,25.73,8.88,8.88,8.55,8.7,8.7,0,0,8.68,"10,850.00",8.71,"94,131.50",43,-0.01,0.33,-0.11,3.86,0.28,9.95,8.05,
157,MMKJL,29.81,593.90,621.90,593.90,609.00,609,0,0.00,600.40,"55,313.00",606.00,"33,210,074.20",369,3,28,0.5,4.71,1.41,890.40,528.20,
158,MNBBL,28.55,347.00,353.90,345.00,351.00,351,0,0.00,349.50,"47,306.00",346.00,"16,533,435.20",292,5,8.9,1.45,2.58,0.43,503.00,340.10,
159,MND84/85,29.32,"1,106.10","1,106.10","1,106.10","1,106.10","1,106.10",0,0,"1,106.10",30,"1,110.00","33,183.00",1,-3.9,0,-0.35,0,0,"1,128.00","1,015.00",
160,MNMF1,32.8,9,9.07,8.9,9.04,9.04,0,0,9.03,"6,900.00",9.04,"62,281.00",37,0,0.17,0,1.91,0.15,10.42,8.53,
161,MPFL,39.58,603.1,626.2,603.1,625.1,625.1,0,0,621.84,"38,173.00",615.00,"23,737,544.20",234,10.1,23.1,1.64,3.83,0.52,775,491,
162,MSHL,27.12,830,830,815,824,824,0,0,818.97,"1,215.00",830.00,"995,047.00",36,-6,15,-0.72,1.84,0.61,"1,135.00",800.1,
163,MSLB,29.55,"1,275.00","1,290.00","1,269.00","1,290.00","1,290.00",0,0,"1,278.03","1,671.00","1,280.00","2,135,581.00",45,10,21,0.78,1.65,0.93,"1,710.00","1,130.20",
164,NABBC,44.04,"1,136.90","1,269.90","1,136.90","1,259.00","1,259.00",0,0,"1,224.04","24,999.00","1,160.10","30,599,844.90",189,98.9,133,8.53,11.7,2.78,"2,060.00",662.00,
165,NABIL,27.45,492.00,492.00,488.10,489.50,489.5,0,0.00,489.55,"57,630.00",490.30,"28,212,967.30",557,-0.8,3.9,-0.16,0.8,-0.01,562.00,471.00,
166,NABILD2089,27.33,"1,078.00","1,085.00","1,078.00","1,085.00","1,085.00",0,0.00,"1,081.50",50.00,"1,081.00","54,075.00",2,4,7,0.37,0.65,0.32,"1,125.00","1,000.00",
167,NABILD87,29.98,"1,156.00","1,156.00","1,156.00","1,156.00","1,156.00",0,0,"1,156.00",25,"1,178.10","28,900.00",1,-22.1,0,-1.88,0,0,"1,178.10","1,040.00",
168,NADEP,31.27,795.00,820.00,795.00,810.00,810,0,0.00,807.06,"3,953.00",810.00,"3,190,320.50",33,0,25,0,3.14,0.36,"1,067.00",696.00,
169,NBF2,29.84,9.69,9.69,9.55,9.55,9.55,0,0,9.56,"4,774.00",9.50,"45,618.70",8,0.05,0.14,0.53,1.47,-0.06,11.1,8.86,
170,NBF3,24.38,9.1,9.2,9.01,9.1,9.1,0,0,9.17,"19,845.00",9.10,"181,948.80",27,0,0.19,0,2.11,-0.75,10.67,8.35,
171,NBL,29.48,236,239.9,235.7,239.4,239.4,0,0,238.05,"45,014.00",238.00,"10,715,532.20",162,1.4,4.2,0.59,1.78,0.56,313,225.4,
172,NBLD87,22.54,"1,131.00","1,131.00","1,131.00","1,131.00","1,131.00",0,0,"1,131.00",25,"1,122.00","28,275.00",1,9,0,0.8,0,0,"1,150.00","1,010.10",
173,NESDO,42.68,"1,480.10","1,499.00","1,480.00","1,499.00","1,499.00",0,0.00,"1,489.58",951.00,"1,494.80","1,416,591.90",33,4.2,19,0.28,1.28,0.63,"2,522.00","1,380.10",
174,NFS,46.89,618.00,632.00,618.00,632.00,632,0,0.00,624.83,"24,366.00",618.00,"15,224,679.00",172,14,14,2.27,2.27,1.13,"1,065.00",576.00,
175,NGPL,23.78,396.6,398,390.4,396.9,396.9,0,0,394.98,"212,498.00",393.00,"83,932,655.40",553,3.9,7.6,0.99,1.95,0.48,465,253.00,
176,NHDL,28.17,695.8,766,695.8,705,705,0,0,708.66,"65,309.00",710.00,"46,281,561.10",335,-5,70.2,-0.7,10.09,-0.52,"1,002.60",623,
177,NHPC,30.73,182.3,189,182.3,188.8,188.8,0,0,187.59,"42,321.00",186.00,"7,939,163.00",138,2.8,6.7,1.51,3.68,0.64,244.5,178.60,
178,NIBLGF,35.65,8.86,8.86,8.8,8.8,8.8,0,0,8.85,"2,430.00",8.69,"21,504.00",5,0.11,0.06,1.27,0.68,-0.56,10.09,7.84,
179,NIBLSTF,43.15,8.48,8.63,8.48,8.62,8.62,0,0.00,8.61,"34,550.00",8.65,"297,474.30",24,-0.03,0.15,-0.35,1.77,0.12,10.08,7.85,
180,NIBSF2,39.96,8.65,8.68,8.5,8.67,8.67,0,0,8.63,"2,050.00",8.65,"17,698.00",9,0.02,0.18,0.23,2.12,0.42,9.58,8.01,
181,NICA,46.73,350,355.5,344.2,352.3,352.3,0,0,349.36,"226,433.00",344.00,"79,107,162.80",980,8.3,11.3,2.41,3.28,0.83,428.4,304.5,
182,NICAD85/86,20.81,"1,143.00","1,143.00","1,143.00","1,143.00","1,143.00",0,0,"1,143.00",25,"1,160.00","28,575.00",1,-17,0,-1.47,0,0,"1,190.00","1,053.50",
183,NICBF,25.67,9.07,9.07,9,9,9,0,0,9.07,"2,600.00",8.90,"23,575.00",3,0.1,0.07,1.12,0.78,-0.75,10.6,8.48,
184,NICD88,41,"1,140.10","1,140.10","1,140.10","1,140.10","1,140.10",0,0,"1,140.10",100,"1,130.00","114,010.00",1,10.1,0,0.89,0,0,"1,153.00","1,006.00",
185,NICFC,24.88,8.67,8.85,8.67,8.85,8.85,0,0,8.83,"7,300.00",8.84,"64,431.00",25,0.01,0.18,0.11,2.08,0.27,10.4,8.37,
186,NICGF2,30.11,9,9.17,9,9.1,9.1,0,0,9.03,"6,910.00",9.00,"62,405.00",33,0.1,0.17,1.11,1.89,0.76,9.98,8.33,
187,NICL,41.96,500,501,493,500,500,0,0,498.91,"23,959.00",498.90,"11,953,348.80",177,1.1,8,0.22,1.62,0.22,"1,047.00",489.10,
188,NICLBSL,43.23,554,561.9,546.3,561,561,0,0,558.72,"10,765.00",554.00,"6,014,617.80",156,7,15.6,1.26,2.86,0.41,764,535,
189,NICSF,24.69,8.74,8.74,8.58,8.7,8.7,0,0,8.68,"4,320.00",8.57,"37,487.00",11,0.13,0.16,1.52,1.86,0.26,10.1,8.04,
190,NIFRA,33.64,261.1,265.7,261.1,265,265,0,0,264.28,"65,143.00",263.90,"17,215,809.80",521,1.1,4.6,0.42,1.76,0.27,328.1,240.5,
191,NIL,29.98,610.00,619.00,610.00,616.00,616,0,0.00,613.92,"11,332.00",619.00,"6,956,927.50",86,-3,9,-0.48,1.48,0.34,957,562.00,
192,NIMB,41.36,192,193.9,191.5,192.4,192.4,0,0,192.83,"72,599.00",191.80,"13,999,474.30",255,0.6,2.4,0.31,1.25,-0.22,247,187,
193,NIMBD90,16.84,"1,226.00","1,226.00","1,226.00","1,226.00","1,226.00",0,0,"1,226.00",25,"1,250.50","30,650.00",1,-24.5,0,-1.96,0,0,"1,425.00","1,102.50",
194,NIMBPO,46.85,159.6,159.7,156.8,158.8,158.8,0,0,157.81,"20,573.00",156.70,"3,246,621.10",23,2.1,2.9,1.34,1.85,0.62,184.5,147.7,
195,NLG,46.56,692.4,700,692,698,698,0,0,696.12,"28,815.00",690.00,"20,058,589.80",216,8,8,1.16,1.16,0.27,"1,195.00",660.00,
196,NLIC,38.16,774.1,774.1,761,767,767,0,0,766.06,"44,186.00",759.00,"33,849,235.10",253,8,13.1,1.05,1.72,0.12,890,702,
197,NLICL,25.2,585.9,585.9,574.4,583.7,583.7,0,0,579.21,"8,911.00",577.70,"5,161,375.70",52,6,11.5,1.04,2,0.77,738,539,
198,NMB,35.19,235,238.9,235,236.1,236.1,0,0,236.77,"34,799.00",235.10,"8,239,372.90",126,1,3.9,0.43,1.66,-0.28,283,230,
199,NMB50,47.68,10.18,10.49,10.18,10.49,10.49,0,0,10.39,"45,120.00",10.18,"468,582.80",8,0.31,0.31,3.05,3.05,1,11.93,9.75,
200,NMBD89/90,20.23,"1,299.00","1,299.00","1,299.00","1,299.00","1,299.00",0,0.00,"1,299.00",50.00,"1,325.00","64,950.00",1,-26,0,-1.96,0,0.00,"1,325.00","1,089.70",
201,NMBHF2,36.4,9.15,9.3,9.15,9.3,9.3,0,0,9.21,"4,720.00",9.28,"43,463.50",32,0.02,0.15,0.22,1.64,0.99,10,8.16,
202,NMBMF,29.87,676.2,730,671,692,692,0,0,701.47,"12,640.00",689.90,"8,866,574.20",94,2.1,59,0.3,8.79,-1.37,876,596,
203,NMFBS,32.03,"1,329.00","1,329.00","1,299.00","1,305.00","1,305.00",0,0.00,"1,310.12","31,925.00","1,310.00","41,825,629.80",324,-5,30,-0.38,2.31,-0.39,"1,504.00","1,161.00",
204,NMIC,47.12,"1,230.00","1,294.00","1,229.00","1,280.00","1,280.00",0,0.00,"1,270.50","25,980.00","1,232.00","33,007,647.50",552,48,65,3.9,5.29,0.74,"2,703.30",302.30,
205,NMLBBL,33.79,636,647.1,633,633.1,633.1,0,0,636.92,"3,417.00",636.00,"2,176,349.20",49,-2.9,14.1,-0.46,2.23,-0.6,807,600,
206,NRIC,46.89,"1,265.90","1,288.00","1,255.00","1,273.90","1,273.90",0,0.00,"1,271.35","71,747.00","1,253.00","91,215,877.50",428,20.9,33,1.67,2.63,0.20,"1,842.00",727.00,
207,NRM,47,413.1,440,413.1,435,435,0,0,429.50,"85,320.00",416.00,"36,644,786",461,19,26.9,4.57,6.51,1.26,645,390.1,
208,NRN,42.81,"1,360.00","1,417.00","1,360.00","1,412.00","1,412.00",0,0.00,"1,391.32","81,530.00","1,365.00","113,434,525.50",546,47,57,3.44,4.19,1.46,"2,444.00","1,025.50",
209,NSIF2,44.59,10.21,10.41,10.21,10.4,10.4,0,0,10.38,"101,800.00",10.39,"1,056,555.00",24,0.01,0.2,0.1,1.96,0.2,11.93,9.75,
210,NTC,25.49,860,864,856,857.5,857.5,0,0,858.81,"12,136.00",868.00,"10,422,554.80",267,-10.5,8,-1.21,0.93,-0.15,996.3,762.5,
211,NUBL,28.51,687.2,712.1,687,700.1,700.1,0,0,697.62,"6,387.00",698.20,"4,455,680.50",58,1.9,25.1,0.27,3.65,0.35,854.4,650,
212,NWCL,48.7,839,885,839,885,885,0,0,869.98,"24,060.00",832.00,"20,931,605.30",342,53,46,6.37,5.48,1.7,"1,147.00",740.20,
213,NYADI,44.43,399,407,392,400,400,0,0,400.84,"29,689.00",399.00,"11,900,478.00",229,1,15,0.25,3.83,-0.21,880,354,
214,OHL,26.23,693,709,691,708.7,708.7,0,0,700.78,"2,474.00",704.00,"1,733,727.80",36,4.7,18,0.67,2.6,1.12,"1,100.00",633.10,
215,OMPL,48.70,"1,320.10","1,377.00","1,320.00","1,370.00","1,370.00",0,0.00,"1,345.28","82,025.00","1,330.00","110,346,653.50","1,107",40,57,3.01,4.32,1.80,"2,167.20",270.00,
216,PBD84,38.07,"1,182.00","1,182.00","1,180.00","1,180.00","1,180.00",0,0.00,"1,180.30",395.00,"1,172.00","466,220.00",9,8,2,0.68,0.17,-0.03,"1,182.00","1,052.00",
217,PBD88,22.66,"1,240.00","1,242.00","1,240.00","1,242.00","1,242.00",0,0.00,"1,241.33",75.00,"1,250.00","93,100.00",3,-8,2,-0.64,0.16,0.05,"1,262.00","1,090.00",
218,PCBL,26.22,239.00,240.00,237.00,238.50,238.5,0,0.00,238.32,"57,737.00",239.72,"13,759,971.30",227,-1.22,3,-0.51,1.27,0.07,290.00,226.00,
219,PFL,36.74,360,363,354,355,355,0,0,355.91,"28,825.00",359.80,"10,259,104.80",209,-4.8,9,-1.33,2.54,-0.26,600,339.9,
220,PHCL,35.69,259,267,258.8,263.6,263.6,0,0,262.89,"95,663.00",261.00,"25,148,481.40",462,2.6,8.2,1,3.17,0.27,745.6,258.8,
221,PMHPL,37.14,305.4,324,305.4,317,317,0,0,313.86,"18,089.00",311.60,"5,677,493.50",89,5.4,18.6,1.73,6.09,0.99,468,265,
222,PMLI,36.21,481,495,480,495,495,0,0,486.67,"13,360.00",480.77,"6,501,953.80",201,14.23,15,2.96,3.13,1.68,665,445,
223,PPCL,32.29,356.9,356.9,350,353,353,0,0,352.27,"45,768.00",350.50,"16,122,804.40",202,2.5,6.9,0.71,1.97,0.21,409.9,273,
224,PPL,34.56,311.5,320,311.5,317.9,317.9,0,0,315.41,"71,883.00",313.00,"22,672,319.90",335,4.9,8.5,1.57,2.73,0.78,648.6,263.2,
225,PRIN,46.95,680,693,678,693,693,0,0,686.67,"16,390.00",689.00,"11,254,519.00",162,4,15,0.58,2.21,0.91,"1,088.80",630,
226,PROFL,37.94,449,456,442,453,453,0,0,449.82,"7,697.00",448.00,"3,462,268.60",84,5,14,1.12,3.17,0.7,664,421.40,
227,PRSF,37.42,10.79,11,10.79,10.9,10.9,0,0,10.96,"17,900.00",10.80,"196,171.00",9,0.1,0.21,0.93,1.95,-0.54,12.05,9.67,
228,PRVU,43.88,186,186.6,184.1,185.2,185.2,0,0,185.19,"101,996.00",184.70,"18,888,200.70",320,0.5,2.5,0.27,1.36,0.01,250.9,180,
229,PSF,46.43,10.59,10.8,10.59,10.73,10.73,0,0,10.78,"39,539.00",10.65,"426,325.20",18,0.08,0.21,0.75,1.98,-0.49,11.9,9.47,
230,PURE,45.68,"1,059.00","1,097.00","1,040.00","1,055.40","1,055.40",0,0,"1,064.24","64,997.00","1,059.80","69,172,184.20",801,-4.4,57,-0.42,5.48,-0.84,"1,327.90",289.3,
231,RADHI,32.32,737.00,754.90,731.20,750.00,750,0,0.00,743.69,"124,857.00",733.00,"92,854,321.60",412,17,23.7,2.32,3.24,0.84,905.6,333.40,
232,RAWA,33.52,686.3,709.8,686.3,703,703,0,0,705.09,"3,268.00",700.00,"2,304,236.50",41,3,23.5,0.43,3.42,-0.3,990,686,
233,RBBD2088,35.02,"1,083.00","1,100.00","1,077.00","1,085.00","1,085.00",0,0,"1,089.00",125,"1,083.00","136,125.00",5,2,23,0.18,2.14,-0.37,"1,100.00",967.6,
234,RBCL,47.10,"14,978.00","15,000.00","14,955.00","15,000.00","15,000.00",0,0.00,"14,981.10",427.00,"14,781.00","6,396,931.00",22,219,45,1.48,0.3,0.13,"16,900.00","14,024.00",
235,RBCLPO,29.20,"11,998.00","12,000.00","11,998.00","12,000.00","12,000.00",0,0.00,"11,999.26",70.00,"12,005.00","839,948.00",5,-5,2,-0.04,0.02,0.01,"13,530.00","11,007.10",
236,RFPL,43.12,350.00,365.10,350.00,361.00,361,0,0.00,358.56,"124,557.00",354.80,"44,661,522.50",522,6.2,15.1,1.75,4.31,0.68,"1,484.00",306.00,
237,RHGCL,39.88,239,249.2,238.1,249,249,0,0,245.59,"41,488.00",241.80,"10,189,060.20",193,7.2,11.1,2.98,4.66,1.37,708,217.20,
238,RHPL,38.04,269,272,268,272,272,0,0,269.40,"26,653.00",269.20,"7,180,228.50",182,2.8,4,1.04,1.49,0.96,487.3,252.3,
239,RIDI,29.99,218.5,221.7,218,219.1,219.1,0,0,219.34,"82,683.00",218.50,"18,135,454.30",188,0.6,3.7,0.27,1.7,-0.11,302,203.5,
240,RLFL,33.21,417.4,417.4,410.5,416.3,416.3,0,0,414.62,"10,689.00",413.30,"4,431,873.20",73,3,6.9,0.73,1.68,0.4,703.8,398,
241,RLFLPO,38.21,274,274,274,274,274,0,0,274.00,"22,632.00",274.00,"6,201,168.00",2,0,0,0,0,0,303,274,
242,RMF1,22.49,9.28,9.28,9.1,9.15,9.15,0,0,9.11,"5,600.00",9.11,"51,042.00",13,0.04,0.18,0.44,1.98,0.39,11.4,8.38,
243,RMF2,39.47,9.43,9.61,9.43,9.48,9.48,0,0,9.58,"12,500.00",9.59,"119,729.00",10,-0.11,0.18,-1.15,1.91,-1.04,10.58,8.73,
244,RNLI,34.02,466.5,466.5,457.2,465.4,465.4,0,0,462.35,"66,915.00",476.00,"30,938,073.90",642,-10.6,9.3,-2.23,2.03,0.66,593,416,
245,RSDC,42.16,632.7,643,627.2,639.8,639.8,0,0,631.19,"19,280.00",632.50,"12,169,402.10",136,7.3,15.8,1.15,2.52,1.35,880,578.7,
246,RSY,30.46,9.5,9.55,9.36,9.48,9.48,0,0,9.50,"34,820.00",9.52,"330,896.40",33,-0.04,0.19,-0.42,2.03,-0.24,10.08,8.58,
247,RURU,44.53,661,737,661,737,737,0,0,678.35,"31,821.00",670.00,"21,585,929.00",163,67,76,10,11.5,7.96,853,640,
248,SADBL,46.14,400,410,395,408,408,0,0,402.35,"47,142.00",395.10,"18,967,704.90",195,12.9,15,3.26,3.8,1.38,526.5,376,
249,SAGAR,45.52,"1,833.00","2,016.30","1,833.00","2,016.30","2,016.30",0,0.00,"1,936.18","81,032.00","1,833.00","156,892,528","1,864",183.3,183.3,10,10,3.97,"2,146.90",319.50,
250,SAGF,38.24,9.71,10.02,9.71,9.82,9.82,0,0,9.94,"19,722.00",9.90,"196,121.44",17,-0.08,0.31,-0.81,3.19,-1.27,11,8.79,
251,SAHAS,30.03,540.1,548.5,540.1,543,543,0,0,543.85,"122,473.00",544.90,"66,606,846.50",515,-1.9,8.4,-0.35,1.56,-0.16,705,463,
252,SAIL,40.70,958.10,"1,033.30",941.1,"1,033.30","1,033.30",0,0.00,"1,006.30","160,424.00",939.40,"161,433,911","3,152",93.9,92.2,10,9.8,2.61,"1,033.30",301.70,
253,SALICO,27.71,609,609,598,607,607,0,0,601.44,"8,146.00",606.00,"4,899,368.30",41,1,11,0.17,1.84,0.92,780,570.1,
254,SANIMA,43.86,322,327,315.7,327,327,0,0,323.16,"105,874.00",318.00,"34,214,268.70",310,9,11.3,2.83,3.58,1.17,391,285,
255,SANVI,48.7,754.8,786.9,740,784,784,0,0,768.74,"151,257.00",740.00,"116,276,766","1,812",44,46.9,5.95,6.34,1.95,930.4,359,
256,SAPDBL,26.11,844.7,859.7,840.4,840.4,840.4,0,0,846.76,"30,786.00",861.90,"26,068,243.10",294,-21.5,19.3,-2.49,2.3,-0.76,"1,622.70",686.00,
257,SARBTM,36.73,897.6,904,880,899,899,0,0,896.54,"66,720.00",880.00,"59,816,893.20",321,19,24,2.16,2.73,0.27,"1,048.00",710.00,
258,SBCF,32.75,8.98,9.33,8.98,9.1,9.1,0,0,9.23,"25,615.00",9.15,"236,519.50",16,-0.05,0.35,-0.55,3.9,-1.47,12.03,8.7,
259,SBD87,37.22,"1,111.00","1,111.00","1,111.00","1,111.00","1,111.00",0,0,"1,111.00",25,"1,132.00","27,775.00",1,-21,0,-1.86,0,0,"1,139.00","1,019.50",
260,SBI,42.48,404.00,404.00,396.00,399.00,399,0,0.00,398.21,"46,176.00",399.00,"18,387,927.50",68,0,8,0,2.02,0.20,460.00,363.00,
261,SBID2090,28.09,"1,070.00","1,070.00","1,070.00","1,070.00","1,070.00",0,0,"1,070.00",25,"1,085.00","26,750.00",1,-15,0,-1.38,0,0,"1,107.00","1,000.00",
262,SBL,33.56,370.00,390.00,370.00,380.00,380,0,0.00,380.79,"133,269.00",372.00,"50,747,725.20",341,8,20,2.15,5.41,-0.21,408.00,261.00,
263,SBLD84,27.51,"1,115.00","1,115.00","1,115.00","1,093.00","1,093.00",0,0,"1,114.39",180,"1,095.00","200,590.00",4,-2,0,-0.18,0,-1.96,"1,115.00","1,008.50",
264,SCB,43.62,636.00,636.00,628.20,631.90,631.9,0,0.00,630.32,"19,360.00",632.00,"12,202,998.40",133,-0.1,7.8,-0.02,1.24,0.25,701.00,594.90,
265,SCBD,25.3,"1,195.00","1,195.00","1,180.00","1,180.00","1,180.00",0,0,"1,187.50",200,"1,210.10","237,500.00",2,-30.1,15,-2.49,1.27,-0.64,"1,231.10","1,060.90",
266,SDBD87,19.82,"1,157.00","1,157.00","1,157.00","1,157.00","1,157.00",0,0,"1,157.00",25,"1,180.00","28,925.00",1,-23,0,-1.95,0,0,"1,196.20","1,030.00",
267,SEF,41.17,9.65,9.78,9.47,9.78,9.78,0,0,9.65,"66,049.00",9.84,"637,386.72",29,-0.06,0.31,-0.61,3.27,1.33,11.5,8.6,
268,SFCL,38.39,371.5,377.1,359.4,372.1,372.1,0,0,367.44,"32,800.00",374.00,"12,051,890.30",261,-1.9,17.7,-0.51,4.92,1.25,734,359.4,
269,SFEF,40.51,9.5,9.55,9.5,9.54,9.54,0,0,9.54,"12,680.00",9.50,"120,959.20",14,0.04,0.05,0.42,0.53,0.01,11.12,8.82,
270,SFMF,27.1,10.39,10.39,10.39,10.39,10.39,0,0,10.39,500,10.21,"5,195.00",2,0.18,0,1.76,0,0,11.74,9.4,
271,SGHC,32.14,387.8,395,381,384.8,384.8,0,0,385.15,"29,506.00",380.20,"11,364,200.20",165,4.6,14,1.21,3.67,-0.09,649.5,296,
272,SGIC,30.14,470.1,477.8,463,477.8,477.8,0,0,472.04,"24,220.00",472.00,"11,432,691.60",131,5.8,14.8,1.23,3.2,1.21,736.4,439,
273,SHEL,36.65,271.00,274.10,270.00,273.00,273,0,0.00,272.37,"52,847.00",270.60,"14,394,026.60",258,2.4,4.1,0.89,1.52,0.23,347.8,232.30,
274,SHINE,46.57,402,405.9,397,405.6,405.6,0,0,403.34,"31,015.00",399.80,"12,509,449",126,5.8,8.9,1.45,2.24,0.56,499,382,
275,SHINED,18.82,"1,140.00","1,164.00","1,140.00","1,140.00","1,140.00",0,0,"1,149.63",86,"1,142.00","98,868.00",5,-2,24,-0.18,2.11,-0.84,"1,200.00","1,000.00",
276,SHIVM,50.25,605.00,630.00,600.00,628.80,628.8,0,0.00,621.27,"622,840.00",605.00,"386,950,347.30","2,053",23.8,30,3.93,5,1.20,709.00,495.00,
277,SHL,45.94,485,496,485,494,494,0,0,492.44,"42,684.00",489.00,"21,019,331.80",116,5,11,1.02,2.27,0.32,619,464,
278,SHLB,36.82,"1,600.00","1,600.00","1,540.20","1,595.00","1,595.00",0,0,"1,562.15","1,505.00","1,599.00","2,351,038.00",38,-4,59.8,-0.25,3.88,2.06,"2,907.00","1,540.20",
279,SHPC,27.49,531,531,522,526,526,0,0,526.42,"71,987.00",523.00,"37,895,134.90",252,3,9,0.57,1.72,-0.08,684.9,443,
280,SICL,43.36,630.2,632.9,624,630,630,0,0,628.57,"8,038.00",630.20,"5,052,433.40",105,-0.2,8.9,-0.03,1.43,0.23,891,588.8,
281,SIFC,37.07,495,501.4,492.5,500,500,0,0,498.28,"11,643.00",494.00,"5,801,475.60",67,6,8.9,1.21,1.81,0.34,630.3,459,
282,SIFCPO,32.03,286,286,286,286,286,0,0,286.00,"15,131.00",286.00,"4,327,466.00",1,0,0,0,0,0,286,232.50,
283,SIGS2,45.96,9.61,9.8,9.61,9.8,9.8,0,0,9.80,"85,300.00",9.80,"835,902.00",8,0,0.19,0,1.98,0,11.7,8.90,
284,SIGS3,39.01,10.24,10.24,10.06,10.22,10.22,0,0,10.18,"79,500.00",10.06,"809,503.00",22,0.16,0.18,1.59,1.79,0.37,11.46,8.5,
285,SIKLES,43,557.2,585.4,557.2,585.4,585.4,0,0,575.71,"40,377.00",564.50,"23,245,431.50",254,20.9,28.2,3.7,5.06,1.66,"1,475.00",540,
286,SINDU,26.29,708,729.9,708,721,721,0,0,722.27,"24,243.00",708.30,"17,510,069.20",193,12.7,21.9,1.79,3.09,-0.18,"1,482.00",608,
287,SJCL,35.81,281.5,288,281.5,286,286,0,0,285.29,"8,809.00",284.00,"2,513,120.00",103,2,6.5,0.7,2.31,0.25,380,267.00,
288,SJLIC,24.72,448,451,445,445.8,445.8,0,0,447.53,"54,252.00",446.30,"24,279,603.60",296,-0.5,6,-0.11,1.35,-0.39,504,390,
289,SKBBL,37.95,767.00,771.00,762.30,771.00,771,0,0.00,768.36,"13,901.00",770.10,"10,680,945.80",142,0.9,8.7,0.12,1.14,0.34,999.00,756.60,
290,SLBBL,25.85,840,840,815,834.8,834.8,0,0,827.87,"11,561.00",842.00,"9,571,040.90",165,-7.2,25,-0.86,3.07,0.83,"1,159.40",780,
291,SLBSL,27.66,"1,300.00","1,300.00","1,282.00","1,300.00","1,300.00",0,0,"1,292.32","1,860.00","1,282.30","2,403,708.20",40,17.7,18,1.38,1.4,0.59,"3,047.00","1,234.50",
292,SLCF,22.09,9.10,9.24,9.10,9.13,9.13,0,0.00,9.19,"4,000.00",9.06,"36,777.00",10,0.07,0.14,0.77,1.54,-0.70,11.99,8.60,
293,SMATA,29.50,770.10,787.00,770.10,780.10,780.1,0,0.00,777.45,"10,048.00",775.00,"7,811,774.70",143,5.1,16.9,0.66,2.19,0.34,"1,382.00",734.10,
294,SMB,33.93,"1,750.10","1,799.00","1,750.00","1,799.00","1,799.00",0,0,"1,778.00","2,320.00","1,750.00","4,124,962.90",51,49,49,2.8,2.8,1.17,"3,309.90","1,710.10",
295,SMFBS,28.1,"1,640.00","1,670.00","1,639.00","1,640.00","1,640.00",0,0,"1,642.15","1,589.00","1,640.00","2,609,380.20",19,0,31,0,1.89,-0.13,"2,215.00","1,490.00",
296,SMH,36.61,691.1,714,691.1,708,708,0,0,703.93,"2,485.00",703.00,"1,749,269.40",54,5,22.9,0.71,3.31,0.57,"1,178.00",690,
297,SMHL,41.64,541.9,586,541.9,563.9,563.9,0,0,559.11,"86,244.00",552.90,"48,219,684.90",379,11,44.1,1.99,8.14,0.85,"1,657.00",537.90,
298,SMJC,38.48,481,496,479,495,495,0,0,490.88,"16,338.00",488.00,"8,020,053.60",157,7,17,1.43,3.55,0.83,735,479,
299,SMPDA,37.3,865,879.8,865,876,876,0,0,870.45,"6,680.00",869.00,"5,814,618.50",98,7,14.8,0.81,1.71,0.63,"1,155.00",840,
300,SNLI,31.22,464,467.9,462,462.6,462.6,0,0,463.67,"48,089.00",465.10,"22,297,649.60",461,-2.5,5.9,-0.54,1.28,-0.23,744.5,411.6,
301,SONA,48.7,420.1,446,420.1,437.6,437.6,0,0,439.18,"124,068.00",421.00,"54,488,322.80",907,16.6,25.9,3.94,6.17,-0.36,545,398,
302,SPC,42.22,527,570,522.6,554.9,554.9,0,0,545.18,"104,779.00",524.10,"57,123,521.70",534,30.8,47.4,5.88,9.07,1.75,722,441,
303,SPDL,33.88,383,392.6,382,388.3,388.3,0,0,387.50,"64,846.00",383.90,"25,128,068.10",255,4.4,10.6,1.15,2.77,0.21,465,308.9,
304,SPHL,30.82,567,569,547.5,565,565,0,0,561.81,"25,154.00",558.00,"14,131,760.20",162,7,21.5,1.25,3.93,0.56,922,477.10,
305,SPIL,26.33,716,719.1,702,717,717,0,0,712.10,"15,547.00",729.00,"11,071,077.10",108,-12,17.1,-1.65,2.44,0.68,980.4,625,
306,SPL,31.15,798.4,822.9,798.3,819,819,0,0,808.90,"1,369.00",812.00,"1,107,381.00",36,7,24.6,0.86,3.08,1.23,"1,102.20",765,
307,SRLI,33.29,390.00,391.60,387.20,390.90,390.9,0,0.00,389.85,"27,095.00",388.10,"10,563,113.70",326,2.8,4.4,0.72,1.14,0.27,480.00,363.90,
308,SSHL,37.83,153.60,153.60,151.20,153.00,153,0,0.00,152.43,"103,516.00",152.10,"15,779,163.70",421,0.9,2.4,0.59,1.59,0.37,313.8,151.00,
309,STC,31.97,"5,460.00","5,535.00","5,460.00","5,535.00","5,535.00",0,0,"5,503.92","1,221.00","5,500.00","6,720,282.50",48,35,75,0.64,1.37,0.56,"5,800.00","4,832.00",
310,SWASTIK,35.82,"2,879.10","3,139.00","2,840.10","3,088.90","3,088.90",0,0,"2,985.54","11,487.00","2,879.00","34,294,877.30",483,209.9,298.9,7.29,10.52,3.35,"3,400.00",391.7,
311,SWBBL,35.14,728.00,742.00,728.00,739.00,739,0,0.00,736.86,"1,874.00",739.00,"1,380,873",32,0,14,0,1.92,0.29,"1,046.50",727.40,
312,SWMF,32.12,680,680,669,676,676,0,0,671.18,"1,560.00",673.50,"1,047,044.90",34,2.5,11,0.37,1.64,0.71,868.1,641.1,
313,SYPNL,27.63,"1,098.60","1,233.10","1,098.60","1,233.10","1,233.10",0,0,"1,198.84","146,092.00","1,121.00","175,140,756.10","3,926",112.1,134.5,10,12.24,2.78,"1,233.10",319.8,
314,TAMOR,45.88,437,460.1,437,460.1,460.1,0,0,451.23,"18,870.00",440.30,"8,514,635.10",259,19.8,23.1,4.5,5.29,1.93,637,437.00,
315,TPC,28.71,362,377,360,374,374,0,0,370.45,"95,169.00",362.50,"35,255,765.00",360,11.5,17,3.17,4.72,0.95,671.6,270.10,
316,TRH,40.93,710,717.8,702.4,715,715,0,0,714.84,"3,571.00",710.00,"2,552,699",30,5,15.4,0.7,2.19,0.02,"1,259.00",681.10,
317,TSHL,43.18,715,716,698,713.9,713.9,0,0,704.03,"8,241.00",720.00,"5,801,943.50",89,-6.1,18,-0.85,2.58,1.38,"1,046.60",616.8,
318,TTL,52.87,808.5,900,808.5,895,895,0,0,857.79,"135,938.00",825.00,"116,605,626.70","2,310",70,91.5,8.48,11.32,4.16,"1,262.80",366.1,
319,TVCL,38.8,383.7,394,381,394,394,0,0,387.85,"11,708.00",388.00,"4,540,974.00",96,6,13,1.55,3.41,1.56,697,381,
320,UAIL,39.51,448.00,453.00,446.10,453.00,453,0,0.00,448.27,"17,505.00",447.00,"7,846,964.10",163,6,6.9,1.34,1.55,1.04,767.00,422.10,
321,UHEWA,28.13,548,548,532.1,539.8,539.8,0,0,535.25,"29,017.00",542.00,"15,531,288.60",170,-2.2,15.9,-0.41,2.99,0.84,993.4,508.5,
322,ULBSL,39.71,"3,440.00","3,498.90","3,420.00","3,490.00","3,490.00",0,0,"3,435.61",645,"3,480.00","2,215,971.00",20,10,78.9,0.29,2.31,1.56,"6,600.00","2,931.00",
323,ULHC,40.82,463.9,467,456.3,466,466,0,0,462.51,"13,679.00",460.00,"6,326,727.10",132,6,10.7,1.3,2.34,0.75,693,411.7,
324,UMHL,43.5,560,569.59,560,565,565,0,0,561.98,"96,953.00",563.00,"54,485,240.60",279,2,9.59,0.36,1.71,0.54,626,321,
325,UMRH,48.70,569.90,587.80,561.20,585.00,585,0,0.00,575.8,"66,978.00",559.00,"38,566,011.10",342,26,26.6,4.65,4.74,1.57,790.00,526.00,
326,UNHPL,30.17,462.30,474.00,458.00,470.00,470,0,0.00,466.57,"202,707.00",468.60,"94,577,924.60",574,1.4,16,0.3,3.49,0.73,554.70,270.00,
327,UNLB,34.77,"1,918.00","1,918.00","1,881.00","1,915.00","1,915.00",0,0,"1,896.28",263,"1,918.00","498,720.50",26,-3,37,-0.16,1.97,0.98,"2,888.60","1,818.40",
328,UPCL,26.6,362.4,365,358,361.1,361.1,0,0,361.39,"106,510.00",359.00,"38,491,958.60",305,2.1,7,0.58,1.96,-0.08,489,265.2,
329,UPPER,38.98,172.5,175.6,172,174,174,0,0,173.62,"58,281.00",174.00,"10,118,945.00",364,0,3.6,0,2.09,0.22,228,166,
330,USHEC,35.58,460,464.9,450,460,460,0,0,456.39,"23,135.00",458.90,"10,558,517.50",143,1.1,14.9,0.24,3.31,0.79,752,410,
331,USHL,28.63,831.10,840.00,816.00,838.00,838,0,0.00,829.81,"11,807.00",848.00,"9,797,518.90",135,-10,24,-1.18,2.94,0.98,945.00,588.00,
332,USLB,35.8,"1,452.00","1,481.00","1,452.00","1,467.00","1,467.00",0,0,"1,462.81","5,100.00","1,465.00","7,460,315.70",129,2,29,0.14,2,0.29,"2,750.00","1,438.00",
333,VLBS,45.63,765,780,758,770,770,0,0,768.28,"3,668.00",765.00,"2,818,046.30",83,5,22,0.65,2.9,0.22,"1,008.00",737,
334,VLUCL,41.41,577.00,577.00,563.10,568.10,568.1,0,0.00,569.14,"7,275.00",566.00,"4,140,502.30",130,2.1,13.9,0.37,2.47,-0.18,802.00,516.00,
335,WNLB,47.07,"1,660.00","1,789.00","1,629.00","1,757.00","1,757.00",0,0,"1,726.75","10,819.00","1,629.20","18,681,750.40",421,127.8,160,7.84,9.82,1.72,"4,271.00","1,242.10",
